Industry,Subindustry
Accounting/Finance,Accounting
Accounting/Finance,Finance
Advertising/Public Relations,Advertising
Advertising/Public Relations,Public Relations
Aerospace/Aviation,Aerospace
Aerospace/Aviation,Aviation
Arts/Entertainment/Publishing,Arts
Arts/Entertainment/Publishing,Entertainment
Arts/Entertainment/Publishing,Publishing
Automotive,Automotive Manufacturing
Automotive,Car Dealership
Automotive,Car Rental
Banking/Mortgage,Banking
Banking/Mortgage,Mortgage
Business Development,Business Development
Business Opportunity,Business Opportunity
Clerical/Administrative,Clerical
Clerical/Administrative,Administrative
Construction/Facilities,Construction
Construction/Facilities,Facilities Management
Consumer Goods,Consumer Goods Manufacturing
Consumer Goods,Retail
Customer Service,Customer Service
Education/Training,Education
Education/Training,Training
Energy/Utilities,Energy
Energy/Utilities,Utilities
Engineering,Engineering Consulting
Engineering,Engineering Services
Engineering,Industrial Engineering
Government/Military,Government
Government/Military,Military
Green,Environmental Services
Green,Sustainable Energy
Healthcare,Healthcare Services
Healthcare,Medical Devices
Healthcare,Pharmaceuticals
Hospitality/Travel,Hospitality
Hospitality/Travel,Travel
Human Resources,Human Resources
Installation/Maintenance,Installation
Installation/Maintenance,Maintenance
Insurance,Insurance
Internet,Internet Services
Internet,Web Development
Job Search Aids,Job Search
Job Search Aids,Employment Agencies
Law Enforcement/Security,Law Enforcement
Law Enforcement/Security,Security Services
Legal,Legal Services
Management/Executive,Management Consulting
Management/Executive,Executive
Manufacturing/Operations,Manufacturing
Manufacturing/Operations,Operations
Marketing,Marketing
Non-Profit/Volunteer,Non-Profit
Non-Profit/Volunteer,Volunteer
Pharmaceutical/Biotech,Pharmaceuticals
Pharmaceutical/Biotech,Biotechnology
Professional Services,Consulting
Professional Services,Professional Services
QA/Quality Control,Quality Assurance
QA/Quality Control,Quality Control
Real Estate,Real Estate
Restaurant/Food Service,Restaurant
Restaurant/Food Service,Food Service
Retail,Retail
Sales,Sales
Science/Research,Science
Science/Research,Research
Skilled Labor,Skilled Labor
Technology,Technology Services
Technology,Software Development
Telecommunications,Telecommunications
Telecommunications,Networking
Transportation/Logistics,Transportation
Transportation/Logistics,Logistics
Other,Other
